An Ancient Curse|＠|||||||||||||
Pilaf Field|Nyandaria|Annin Pass|Ajillo Highlands|Pasta Desert|Mince Hill|＠|||||||||||||
Kosamin Ruins|Shallow Sea Green|Playing Bandits|Buggy Hollows|Thriller Grin|John Gool|＠|||||||||||||
Marine Town|Wandering Conch|Palcaccio Waters|Utsubobo Seamount|Frontier Dawn|Rutsborg Vortex|＠|||||||||||||
Crowded Surf|Mutinous Waves|Buoys & Gills|On the Rocks|Seahorse Siren|Young Cuttlefish|＠|||||||||||||
Deadly Weapons|Inspirational Mural|Sunlit Caves|Glittering Peaks|Murmuring Evil|Languid Lakeside|＠|
Midnight Lycopene|Metroasis|Paper Skyscraper|Rogue's Twilight|Concrete Ocean|Unmanned Station|＠|
Panic Tower|Lady in the Clink|No Hope Ranch|Hunter's Hills|Morbid Mesa|Revolver Ridge|＠|
Escolar Coast|Project Walrus|Loach Breach|Seagull Reserve|Roe Row|Heron's Call|＠|
Cricket Ideology|Gutter Lord|Veggie Friends|Snitches Get Stitches|Shocking Exile|The Red Cat Gambit|＠|
Magma Bath|Pyroclastic Flow|Ashen Rain|Sage of the Peak|Raging Caldera|Supervolcano|＠|
A Joyful Song|Cave Maidens|Good Spirits|Woods of Resentment|Hermit Chatterbox|Primitive Souls|＠|
Iwa Rock Reef|Nautilus Tomb|Lost Sailors|Caged Carp|Quay of Camels|Endless Dead Zone|＠|
Holiday Atonement|A Private Rainforest|Rude on the Beach|13th Ward Resident|Spa of Ascension|Wonders of Nature|＠|
Pulling Hair|Mermaid Sauce|Lord's Lecture|Cracked Column|Guardian of Innocence|Total Myopia|＠|
Eager Entryway|Fainting Porch|Hangover Couch|Tidy Kitchen|Bathtub of Whimsy|Lamb's Boudoir|＠|
Steamworks Ltd.|Sticky Shower|Standing Sauna|Chilly Pool|Umibozu's House|Hot Spring Reception|＠|
Famine Village|The Night of Claws|Rocky Surface|Exaggeration Falls|Abandoned Desire|Slave to Instinct|＠|
Beachhead Invasion|Forever Fishing|Triton's Cave|Nighttime Lure|The Bloody Wharf|Multitetrapod|＠|
A Classroom in Ruins|Lonely Goldfish|Demon COO|Principal's Rebellion|Bell Collector|Campus Law|＠|
Furry Cavern|Mandatory Fun|Gas-Powered Birds|Stars in the Sewers|Postapocalypse Panic|Lifesaving Shovel|＠|
Proletarian Box|Collapse Checker|Unmoving Conveyer|VIP Warehouse|Rebel Scraps|Smokestack to Heaven|＠|
Loser's Complaint|Brave Dog's Bone|Poison Bog Cure|Patience Prevails|A Boat Too Far|Cursing the Curser|＠
Authority and Gravity|Slave to Energy|Raise Your Torches|Despotism at Home|Unauthorized Breathing|Bare Fangs at the Throne|＠
Treadmill Powered|Vengeful Sandbag|Protein Cartel|Anaerobic Cycling|Sauna Handstands|Lakeside Bootcamp|＠
Curry Comet|Icarus' Instinct|Rainbow Bridge Toll|Planetarium Love|Meteor Disco|Cats in the Stars|＠
The Prince's Woods|Aria of the Princess|Wicked Beauty|Glass Slippers|Guild of Masks|Happily Ever After|＠
Flask Hill|Anatomy Forest|Formalin Marina|Swamp of Ignorance|Microscope Bridge|Burning Blue|＠
Slumbering Cavern|Cozy Corpses|Second Unlife|Defaced Tombstone|Botanical Burial|Sodden Bones|＠
A Dutiful Prayer|Dilemma of Birth|The Ivory Oracle|Persona's Blooming|Passionate Release|Buried Hypocrisy|＠
Pilgrim Agitators|The Belated Priest|Choir Battle|Adventurer's Journal|Chapel Transfer|Dark Lord's Decree|＠
Spiralling Ring|Payday the 13th|Normal Activity|Darkened House|Internal Scream|A Pile of Guts|＠
Diversity, Alkilinity|Ironsand Beach|Oil Spill Rainbow|Love Refinery|Overnight Overtime|Cathode Influencer|＠
Angkor S.W.A.T.|Tropical Garden|Kuala Lum-Pool|Poison on Rice|Khao Man Guys|Fish-Legged Beauty|＠
Banana Genomes|Artificial Strawberries|Organic Chromosomes|Nano-Grapes|Cloned Farmers|Gene Salesmen|＠
The Ivy-Sealed Door|Reincarnation Ring|Re-Leaf Towers|Canopy Altar|Sappy Underpass|The Face of God|＠
Confront the Tyrant|Disaster Cycle|Three Evil Brothers|Pulled Punch Bout|Border Between Worlds|Hall of the Four Kings|＠
The Great Sufferer|Patient Red Fox|Learned to Hate|Multiplanar Studios|Infernal Forces|Hell's All-Stars|＠
Aku Altar's Seal|＠
Toy Boat Graveyard|Breathtaking Waves|Dried Fish Market|Breakwater Blood Feud|Fishermen On Strike|Seahorses Caught|＠
Magma Pillar|Burning Crimson|Boiling Blood|Hell's Crater|Fire Kingdom Dynamite|Burning Sunset|＠
Speechless Tongues|Lamps Aloft|Ashes Just Ahead|Cloak of Hiding|Hall of Feasting|Roast Meat, Not Cities|＠
Fountain of Memories|Chaotic Pulse|Beyond the Haze|Border Soil|Silver Current|Immortal Zenith|＠
Stars in the Tumbler|Night of the Hustler|Don't Rush Love|Tear-Soaked Puppy|Shinobi Showdown|Ancient Sea Blues|＠
Pithouse Academy|Local Harvest Forecast|Clay Pot Soul Food|Chiefs' Smoking Area|Rest Stop Sacrifice|Outta This Village|＠
Stylist Mononoke|Stand By Motel|Aven-Jazz Cafe|Retreat of the Living Dead|Titanic Steakhouse|Inn-Dependence Day|＠
Fullstop Valley|Master of Demon Keep|Warning of the Setting Sun|Infinity Ridge|Eternal Ancient Woods|Neverending Footsteps|＠
Soul in the Idol|Wager of Honor|Crown of Vanity|Bestowing Eternity|Atonement for Sin|Reign of the Ape Lord|Ape Lord's Revenge|Birth of True Man|＠
Revival of Origin|＠